{
  "split_dim_id": 1,
  "split_n": 10,
  "ref_min": 38.702203,
  "ref_max": 60.9931,
  "ref_span": 22.290897,
  "ref_step": 2.2290897000000003,
  "edges": [
    38.702203,
    40.9312927,
    43.160382399999996,
    45.3894721,
    47.618561799999995,
    49.8476515,
    52.0767412,
    54.305830900000004,
    56.5349206,
    58.764010299999995,
    60.9931
  ],
  "ref_path": "recon\\04\\04_gt.txt",
  "ref_num_points": 2048,
  "ref_num_cols": 3
}